"Layer";"Node";"Label";"Degree";"DegreeIn";"DegreeOut";"Strength";"StrengthIn";"StrengthOut";"PageRank";"Eigenvector";"Hub";"Authority";"Katz";"Multiplexity";"Kcore"
"1";1;"Node0";15;12;3;"-";"-";"-";0.580577309260677;0.484044198506148;0.1569967424592;0.385401593949;0.484043654557308;"-";"-"
"1";2;"Node1";26;19;7;"-";"-";"-";0.505917687144545;0.651513980616192;0.328639534546513;0.633864182926945;0.651513373898962;"-";"-"
"1";3;"Node2";14;7;7;"-";"-";"-";0.229613397916113;0.241998369844651;0.223181360324967;0.147586795160959;0.241998007737923;"-";"-"
"1";4;"Node3";34;17;17;"-";"-";"-";0.267573095164732;0.471348844186423;0.745636225059035;0.656880137688129;0.471350772653966;"-";"-"
"1";5;"Node4";10;6;4;"-";"-";"-";0.192371289836009;0.102332579807632;0.111794313218137;0.119993765954402;0.102334335427549;"-";"-"
"1";6;"Node5";10;10;0;"-";"-";"-";0.284410525482478;0.355667204681276;0;0.215922260766686;0.355666891834837;"-";"-"
"1";7;"Node6";7;3;4;"-";"-";"-";0.0963964846020715;0.0780060805909377;0.158127542603823;0.0694045136632843;0.0780064075517195;"-";"-"
"1";8;"Node7";12;10;2;"-";"-";"-";0.38049782897086;0.440227897854899;0.0857449519128431;0.373653439514387;0.440227201149037;"-";"-"
"1";9;"Node8";21;18;3;"-";"-";"-";0.397036772788343;0.558896817361458;0.16825497051316;0.707627201144637;0.558898626082968;"-";"-"
"1";10;"Node9";14;7;7;"-";"-";"-";0.114650751899488;0.171855324743254;0.407993010430316;0.317628079218272;0.171855955410362;"-";"-"
"1";11;"Node10";24;19;5;"-";"-";"-";0.985044501343763;0.650188519690815;0.235556041135945;0.644450022628232;0.650190219902828;"-";"-"
"1";12;"Node11";35;15;20;"-";"-";"-";0.495006491955702;0.585763126947862;0.836140258854111;0.554629940843127;0.58576331962697;"-";"-"
"1";13;"Node12";36;20;16;"-";"-";"-";0.250691334948403;0.374658780671255;0.715188788876806;0.665511915125583;0.374662431829991;"-";"-"
"1";14;"Node13";26;12;14;"-";"-";"-";0.230676026074666;0.473783879475946;0.439364061366125;0.428564870788804;0.473783121924214;"-";"-"
"1";15;"Node14";16;6;10;"-";"-";"-";0.14027320335628;0.281638266645526;0.435641105102575;0.249781463553037;0.28163762280495;"-";"-"
"1";16;"Node15";43;16;27;"-";"-";"-";0.363987889821454;0.541153572465764;0.880710816848419;0.482805899140619;0.541153368351603;"-";"-"
"1";17;"Node16";50;29;21;"-";"-";"-";1;1;0.879925678264251;0.821769655247454;1;"-";"-"
"1";18;"Node17";11;6;5;"-";"-";"-";0.164063068295093;0.0779442572042618;0.0782321721820579;0.0969471997973641;0.0779455906276084;"-";"-"
"1";19;"Node18";10;6;4;"-";"-";"-";0.116720497127066;0.234693336732646;0.206997107201982;0.254612027381204;0.23469278796389;"-";"-"
"1";20;"Node19";16;12;4;"-";"-";"-";0.413278507555781;0.454137691620713;0.219799011949286;0.429997273769215;0.454138007074062;"-";"-"
"1";21;"Node20";19;19;0;"-";"-";"-";0.482848018460914;0.598430557813807;0;0.693723815900966;0.598432849075123;"-";"-"
"1";22;"Node21";23;9;14;"-";"-";"-";0.287328138514694;0.361635107220784;0.651074046404267;0.335350910415801;0.361634435276531;"-";"-"
"1";23;"Node22";10;7;3;"-";"-";"-";0.120755093387943;0.114127079720804;0.0489450099969551;0.293589322701945;0.114128956301118;"-";"-"
"1";24;"Node23";21;21;0;"-";"-";"-";0.335234384993638;0.548473615992176;0;0.758728936583995;0.548476697582321;"-";"-"
"1";25;"Node24";15;13;2;"-";"-";"-";0.198856926479724;0.315061625345668;0.0222786292474858;0.421509105681091;0.315062639178252;"-";"-"
"1";26;"Node25";30;29;1;"-";"-";"-";0.490006894176175;0.745385100610761;0.0536565999518864;1;0.745388752231055;"-";"-"
"1";27;"Node26";20;15;5;"-";"-";"-";0.200421122342895;0.257737929088388;0.25372275149909;0.567769683177002;0.257741581742178;"-";"-"
"1";28;"Node27";28;14;14;"-";"-";"-";0.258885296977153;0.398795758032259;0.765298855626343;0.333454176168299;0.398796610690162;"-";"-"
"1";29;"Node28";21;16;5;"-";"-";"-";0.232559435776366;0.453672337578147;0.263478399372575;0.588821560316352;0.453673057626578;"-";"-"
"1";30;"Node29";28;6;22;"-";"-";"-";0.110668011510849;0.100593045987334;0.987546245107776;0.150028282570017;0.100594285854516;"-";"-"
"1";31;"Node30";26;12;14;"-";"-";"-";0.148666176370065;0.0840429463104138;0.648531819940969;0.188895609821607;0.0840460843138074;"-";"-"
"1";32;"Node31";19;11;8;"-";"-";"-";0.191132174582043;0.302665456704874;0.252165393885042;0.26721990375165;0.302665588011051;"-";"-"
"1";33;"Node32";6;2;4;"-";"-";"-";0.0574421442083806;0.00899763204563446;0.146894891746822;0.0504494960300566;0.0089985595864005;"-";"-"
"1";34;"Node33";25;18;7;"-";"-";"-";0.265843363229709;0.468573064071787;0.324610732090163;0.614266305329528;0.468574448372717;"-";"-"
"1";35;"Node34";34;11;23;"-";"-";"-";0.165048675826449;0.17897493482569;1;0.18556675399353;0.178976548151221;"-";"-"
"1";36;"Node35";19;10;9;"-";"-";"-";0.120240893291746;0.0689776702911605;0.121092041188731;0.25113511306817;0.0689808662074776;"-";"-"
"1";37;"Node36";6;2;4;"-";"-";"-";0.0675617864123797;0.0608929379884261;0.0613635512617268;0.0613536802238293;0.0608929301581389;"-";"-"
"1";38;"Node37";28;16;12;"-";"-";"-";0.192152712102802;0.31248738600262;0.567820286705449;0.566911204525579;0.312490319869285;"-";"-"
"1";39;"Node38";20;12;8;"-";"-";"-";0.157455462584514;0.200355284556148;0.412161676710343;0.357360272244459;0.200357954233649;"-";"-"
"1";40;"Node39";18;10;8;"-";"-";"-";0.151430678540807;0.219003791063067;0.422644531162849;0.325498707720157;0.219005677957171;"-";"-"
"1";41;"Node40";14;13;1;"-";"-";"-";0.13860760067574;0.10269733246959;0.0589167015497095;0.354470195388525;0.102701830781571;"-";"-"
"1";42;"Node41";30;7;23;"-";"-";"-";0.0992181914515888;0.0681755586687414;0.958202340886615;0.161134616965954;0.0681771388489918;"-";"-"
"1";43;"Node42";23;12;11;"-";"-";"-";0.137545727200025;0.121558872454349;0.555605493108565;0.361826836300525;0.121562663795097;"-";"-"
"1";44;"Node43";9;0;9;"-";"-";"-";0.0438964527552012;0;0.459846663045529;4.21928272434749e-17;0;"-";"-"
"1";45;"Node44";16;3;13;"-";"-";"-";0.066681972400623;0.0682272841661932;0.681881976060025;0.0803920804768609;0.0682274720326788;"-";"-"
"1";46;"Node45";16;4;12;"-";"-";"-";0.115416404318352;0.183950566634716;0.283163669462241;0.118536843682615;0.183949705764831;"-";"-"
"1";47;"Node46";10;0;10;"-";"-";"-";0.0438964527552012;0;0.499188833728027;1.26578481730425e-16;0;"-";"-"
"1";48;"Node47";11;5;6;"-";"-";"-";0.123348771650367;0.175615538718503;0.253536590256021;0.144853096204803;0.175615557385818;"-";"-"
"1";49;"Node48";29;4;25;"-";"-";"-";0.0644002084334357;0.012313498622335;0.723880744911621;0.0765670275963805;0.0123147883940509;"-";"-"
"1";50;"Node49";12;8;4;"-";"-";"-";0.122836142166122;0.181825227197472;0.0900593074227806;0.17562221032491;0.181825762394642;"-";"-"
"1";51;"Node50";17;5;12;"-";"-";"-";0.0963841511631382;0.0494831613852858;0.232792361795916;0.0798429514614556;0.0494844295665694;"-";"-"
"1";52;"Node51";13;7;6;"-";"-";"-";0.0848687777616778;0.0276141773903308;0.225133483849532;0.198676643790574;0.0276166913994093;"-";"-"
"1";53;"Node52";10;1;9;"-";"-";"-";0.0553553307680989;0.0598970440492606;0.163359866881582;0.0525832518977073;0.0598966830009437;"-";"-"
"1";54;"Node53";12;3;9;"-";"-";"-";0.0554744165476091;0.00969314744473955;0.337982366915636;0.0735763241344168;0.00969408600020885;"-";"-"
"1";55;"Node54";1;1;0;"-";"-";"-";0.0498928108388795;0.00833024011693262;0;0.0145720545467645;0.00833052851766495;"-";"-"
"1";56;"Node55";12;4;8;"-";"-";"-";0.0648024127580893;0.00969314744473952;0.318860278963036;0.0775123697898559;0.00969434651427902;"-";"-"
"1";57;"Node56";14;6;8;"-";"-";"-";0.087298912152342;0.0178710846055635;0.317001813498117;0.147358312152462;0.0178730414254176;"-";"-"
"1";58;"Node57";17;7;10;"-";"-";"-";0.0851201371765818;0.0359876619033216;0.405824735295117;0.104645501707551;0.0359894868686936;"-";"-"
"1";59;"Node58";14;2;12;"-";"-";"-";0.0547791150007615;0;0.368146956712385;0.0117514781581356;5.21028140333442e-07;"-";"-"
"1";60;"Node59";21;6;15;"-";"-";"-";0.105818083829617;0.0752614635718631;0.244065659689646;0.0975609202920496;0.0752624681449854;"-";"-"
"1";61;"Node60";15;0;15;"-";"-";"-";0.0438964527552012;0;0.611048750416339;4.21928272434749e-17;0;"-";"-"
"1";62;"Node61";2;2;0;"-";"-";"-";0.0526025825516494;0;0;0.0438479794750238;5.21028140333442e-07;"-";"-"
"1";63;"Node62";6;0;6;"-";"-";"-";0.0438964527552012;0;0.123355996854244;2.10964136217375e-17;0;"-";"-"
"1";64;"Node63";8;5;3;"-";"-";"-";0.0740280756370476;0.00833024011693256;0.0715353760044524;0.0931947042396748;0.00833162824284957;"-";"-"
"1";65;"Node64";1;1;0;"-";"-";"-";0.0498928108388794;0.00833024011693262;0;0.0145720545467645;0.00833052851766495;"-";"-"
"1";66;"Node65";7;0;7;"-";"-";"-";0.0438964527552012;0;0.221701200473144;8.43856544869499e-17;0;"-";"-"
"1";67;"Node66";4;0;4;"-";"-";"-";0.0438964527552012;0;0.0659243743825142;5.27410340543437e-17;0;"-";"-"
"1";68;"Node67";8;0;8;"-";"-";"-";0.0438964527552012;0;0.11908461552757;1.05482068108687e-16;0;"-";"-"
"1";69;"Node68";6;0;6;"-";"-";"-";0.0438964527552012;0;0.0777395357813224;2.10964136217375e-17;0;"-";"-"
"1";70;"Node69";11;0;11;"-";"-";"-";0.0438964527552012;0;0.264374956108488;4.21928272434749e-17;0;"-";"-"
"1";71;"Node70";3;0;3;"-";"-";"-";0.0438964527552012;0;0.115944777437576;1.05482068108687e-17;0;"-";"-"
"2";1;"Node0";22;15;7;"-";"-";"-";0.510321865035381;0.573266886651586;0.258177683974592;0.432336885362372;0.573265607775298;"-";"-"
"2";2;"Node1";14;14;0;"-";"-";"-";0.52335873966466;0.40067671299325;0;0.359238549136588;0.4006770308522;"-";"-"
"2";3;"Node2";13;5;8;"-";"-";"-";0.157717337466356;0.104677570973895;0.271999422034386;0.131365338170798;0.104678557534075;"-";"-"
"2";4;"Node3";25;16;9;"-";"-";"-";0.459957974183315;0.495748364566571;0.312584073570388;0.491386536281929;0.495748836799658;"-";"-"
"2";5;"Node4";29;16;13;"-";"-";"-";0.425346723697922;0.419492329371541;0.330426934024036;0.411899913418351;0.419493640935532;"-";"-"
"2";6;"Node5";18;13;5;"-";"-";"-";0.343830175089341;0.394088744028489;0.119636409467246;0.388249192402724;0.394089518798442;"-";"-"
"2";7;"Node6";9;5;4;"-";"-";"-";0.24239956001789;0.117743809269319;0.0686020380173743;0.1220780733324;0.117744627237008;"-";"-"
"2";8;"Node7";13;10;3;"-";"-";"-";0.346934985825285;0.388749406517132;0.0859475031747688;0.316919881610447;0.388748352633887;"-";"-"
"2";9;"Node8";14;10;4;"-";"-";"-";0.280039647970188;0.248231087580997;0.121444528443121;0.278318902790184;0.248231753620293;"-";"-"
"2";10;"Node9";11;9;2;"-";"-";"-";0.389018831572818;0.207281791248832;0.0487900223177067;0.194272370217749;0.207282439065978;"-";"-"
"2";11;"Node10";33;14;19;"-";"-";"-";0.488562627950818;0.561792912504874;0.393716105099082;0.452301797995596;0.561791137472254;"-";"-"
"2";12;"Node11";35;13;22;"-";"-";"-";0.368843046800248;0.318482839645057;0.823948560157935;0.356072039286112;0.318484073480575;"-";"-"
"2";13;"Node12";48;33;15;"-";"-";"-";1;1;0.445225767253253;1;1;"-";"-"
"2";14;"Node13";14;10;4;"-";"-";"-";0.259204947093609;0.206605379711346;0.0571957412963807;0.230899233468433;0.206607119393795;"-";"-"
"2";15;"Node14";22;16;6;"-";"-";"-";0.444883916322198;0.386893431861901;0.184205415249538;0.361129756833065;0.386895015758714;"-";"-"
"2";16;"Node15";19;14;5;"-";"-";"-";0.516504652718727;0.35983410898877;0.0602368539244641;0.33156154208986;0.359835168100249;"-";"-"
"2";17;"Node16";22;15;7;"-";"-";"-";0.460050710623024;0.413097761534347;0.105013576861574;0.371819050931539;0.413098771725649;"-";"-"
"2";18;"Node17";11;10;1;"-";"-";"-";0.266342973209923;0.202447936736858;0.0324510675585764;0.235597625032909;0.202449616303094;"-";"-"
"2";19;"Node18";39;9;30;"-";"-";"-";0.309902695503886;0.185685318231132;0.959824014306966;0.181033787589924;0.185686814241294;"-";"-"
"2";20;"Node19";28;17;11;"-";"-";"-";0.474960060729239;0.522987463814769;0.512702098221066;0.51945081108004;0.522987744782831;"-";"-"
"2";21;"Node20";29;18;11;"-";"-";"-";0.60760994381237;0.630780242684706;0.538003775299075;0.581797650726257;0.630779224595275;"-";"-"
"2";22;"Node21";31;19;12;"-";"-";"-";0.594815556289827;0.548648444557758;0.383268890397709;0.586750533737771;0.548649308719763;"-";"-"
"2";23;"Node22";17;8;9;"-";"-";"-";0.235194140202212;0.224538200395538;0.328234524867697;0.274894617390143;0.224538206683788;"-";"-"
"2";24;"Node23";44;22;22;"-";"-";"-";0.631121661502839;0.733558169071962;0.846148120612569;0.747857998581405;0.73355744335923;"-";"-"
"2";25;"Node24";15;7;8;"-";"-";"-";0.200517780812257;0.136007119613044;0.227412500568079;0.155779842391497;0.136008587501954;"-";"-"
"2";26;"Node25";54;30;24;"-";"-";"-";0.884543505481565;0.911067086566193;0.940170048964143;0.889751722236888;0.911067340865765;"-";"-"
"2";27;"Node26";31;10;21;"-";"-";"-";0.356472152148569;0.35410324770872;0.857708672180036;0.350094505529468;0.354102545401761;"-";"-"
"2";28;"Node27";44;17;27;"-";"-";"-";0.471226645596054;0.390068633323576;0.798778574641915;0.393783338095695;0.390070864089593;"-";"-"
"2";29;"Node28";24;11;13;"-";"-";"-";0.385767354736637;0.325868158889449;0.442650804096412;0.318117353546911;0.32586845230586;"-";"-"
"2";30;"Node29";36;19;17;"-";"-";"-";0.476903704731266;0.427265426258094;0.52233099709609;0.483576692932795;0.427267934885246;"-";"-"
"2";31;"Node30";36;18;18;"-";"-";"-";0.639945222701374;0.495406977026255;0.738864199882042;0.425419686573976;0.495408408558194;"-";"-"
"2";32;"Node31";26;15;11;"-";"-";"-";0.409607660025835;0.370114975528038;0.316435751964191;0.376652119866179;0.370116883554211;"-";"-"
"2";33;"Node32";25;8;17;"-";"-";"-";0.369768649327286;0.160091994661567;0.677607551899723;0.167856128842533;0.160093215352287;"-";"-"
"2";34;"Node33";23;17;6;"-";"-";"-";0.563208787504032;0.402170456094793;0.158808901381371;0.416652364599135;0.402172057730877;"-";"-"
"2";35;"Node34";30;12;18;"-";"-";"-";0.326766038456738;0.249141871078536;0.535759013058661;0.289250872373377;0.249144106638768;"-";"-"
"2";36;"Node35";18;11;7;"-";"-";"-";0.365576910675943;0.377533347550048;0.307152656811776;0.341467415258478;0.377532891575364;"-";"-"
"2";37;"Node36";6;3;3;"-";"-";"-";0.102457167360907;0.0433587085738436;0.0535382508814004;0.101543484490789;0.0433592638331535;"-";"-"
"2";38;"Node37";20;14;6;"-";"-";"-";0.41036946259247;0.434293570759248;0.368358028156056;0.469568012546016;0.434293256383756;"-";"-"
"2";39;"Node38";32;18;14;"-";"-";"-";0.528236286333678;0.56935827260026;0.600202569015254;0.555352676041567;0.569357720504607;"-";"-"
"2";40;"Node39";31;23;8;"-";"-";"-";0.721477095979673;0.753983580269617;0.361331043216055;0.728045190142636;0.753982524196045;"-";"-"
"2";41;"Node40";47;26;21;"-";"-";"-";0.876736665060447;0.846742336319225;0.858414424447897;0.772029335086344;0.84674154877682;"-";"-"
"2";42;"Node41";31;6;25;"-";"-";"-";0.197060354878775;0.174987870535555;0.929338402873833;0.155253286031606;0.17498804644021;"-";"-"
"2";43;"Node42";25;11;14;"-";"-";"-";0.379331038160556;0.348632614068999;0.640388829621526;0.322809387804271;0.348632078148527;"-";"-"
"2";44;"Node43";6;0;6;"-";"-";"-";0.0667388688209808;0;0.167328196132595;1.11660411725527e-17;0;"-";"-"
"2";45;"Node44";19;9;10;"-";"-";"-";0.30059747896337;0.224638267011179;0.24427649896292;0.230464249280696;0.224639105763233;"-";"-"
"2";46;"Node45";17;10;7;"-";"-";"-";0.289196223465746;0.19756749939184;0.19407981572955;0.208203412674216;0.197568965402776;"-";"-"
"2";47;"Node46";6;1;5;"-";"-";"-";0.0957683995732378;0.003328543413691;0.168409250646007;0.00247941849550922;0.00332884105293182;"-";"-"
"2";48;"Node47";20;3;17;"-";"-";"-";0.127367158845143;0.100269143016868;0.558053377716593;0.0890682659556233;0.100268840080396;"-";"-"
"2";49;"Node48";20;11;9;"-";"-";"-";0.287931764003003;0.267165739626109;0.485660109786117;0.352725566767012;0.267166371462903;"-";"-"
"2";50;"Node49";21;11;10;"-";"-";"-";0.324810035091706;0.26211011815124;0.273176122697492;0.28740404292341;0.26211132269519;"-";"-"
"2";51;"Node50";27;4;23;"-";"-";"-";0.189013586001851;0.0891098887131057;0.810132999390912;0.0483654691122978;0.089110356045621;"-";"-"
"2";52;"Node51";33;20;13;"-";"-";"-";0.601836356359026;0.62844335234128;0.613155113677799;0.57792276222898;0.628442909872051;"-";"-"
"2";53;"Node52";7;3;4;"-";"-";"-";0.204703700484604;0.109124262799104;0.1052379636776;0.0954661049996753;0.109124182923058;"-";"-"
"2";54;"Node53";31;17;14;"-";"-";"-";0.5371732793265;0.460795943127138;0.598279113210829;0.426925819341106;0.460796701382093;"-";"-"
"2";55;"Node54";32;10;22;"-";"-";"-";0.333668713629917;0.308516792883251;0.933896501817675;0.295693936484289;0.308516551246316;"-";"-"
"2";56;"Node55";36;16;20;"-";"-";"-";0.532873609291711;0.491077416493977;0.888093453464919;0.427021942848045;0.491077213708977;"-";"-"
"2";57;"Node56";29;17;12;"-";"-";"-";0.597471649936989;0.531761211127341;0.549251118888471;0.480254120326912;0.531760503899381;"-";"-"
"2";58;"Node57";21;9;12;"-";"-";"-";0.312094843094807;0.232222054457014;0.368461023268064;0.208480095252859;0.232222445249707;"-";"-"
"2";59;"Node58";13;4;9;"-";"-";"-";0.147237219836876;0.114971786439396;0.225834471420176;0.0952438572074754;0.114971982794212;"-";"-"
"2";60;"Node59";21;9;12;"-";"-";"-";0.376444913447136;0.190133880870584;0.312320753570629;0.170250633604198;0.190134834611747;"-";"-"
"2";61;"Node60";7;4;3;"-";"-";"-";0.210210847845325;0.1048199187598;0.0807169999235534;0.0503505567854728;0.104820059754025;"-";"-"
"2";62;"Node61";17;7;10;"-";"-";"-";0.238090236487501;0.204131705007189;0.303472895448406;0.200672502716704;0.204131647707194;"-";"-"
"2";63;"Node62";14;2;12;"-";"-";"-";0.11322528273989;0.0583574609960902;0.311835890219842;0.0516468689641976;0.0583577717417587;"-";"-"
"2";64;"Node63";28;20;8;"-";"-";"-";0.986353028502624;0.502245290514915;0.255433912264542;0.394597761025488;0.502246428190653;"-";"-"
"2";65;"Node64";39;14;25;"-";"-";"-";0.546091324956606;0.407814797045523;1;0.279077174839038;0.407814975144983;"-";"-"
"2";66;"Node65";31;5;26;"-";"-";"-";0.271651155829625;0.13260525820993;0.938533054695323;0.0672577519081862;0.132605403770613;"-";"-"
"2";67;"Node66";22;6;16;"-";"-";"-";0.326625392599028;0.181753421976355;0.578232659667409;0.10823489917803;0.181753511402538;"-";"-"
"2";68;"Node67";20;10;10;"-";"-";"-";0.431876276967686;0.267322906597271;0.504443666395319;0.222131498795051;0.267323542329953;"-";"-"
"2";69;"Node68";19;7;12;"-";"-";"-";0.311074903677411;0.210881793496591;0.315101979864787;0.138513398187926;0.210881802122671;"-";"-"
"2";70;"Node69";17;10;7;"-";"-";"-";0.423057187117885;0.277600824950656;0.256603908987888;0.219100420571179;0.277601436910008;"-";"-"
"2";71;"Node70";21;8;13;"-";"-";"-";0.437953024422192;0.251161330248659;0.47301224889918;0.115742170338366;0.251161414596047;"-";"-"
"3";1;"Node0";8;4;4;"-";"-";"-";0.188962184301692;0.166929231980143;0.166929231980143;0.166929231980143;0.166929231230109;"-";"-"
"3";2;"Node1";20;10;10;"-";"-";"-";0.407582786889939;0.419387318208094;0.419387318208094;0.419387318208094;0.419386719398489;"-";"-"
"3";3;"Node2";6;3;3;"-";"-";"-";0.161499969550401;0.0969131870394124;0.0969131870394124;0.0969131870394124;0.0969137007664271;"-";"-"
"3";4;"Node3";34;17;17;"-";"-";"-";0.612228943633529;0.7082210573791;0.7082210573791;0.7082210573791;0.708220188408737;"-";"-"
"3";5;"Node4";28;14;14;"-";"-";"-";0.510798682652458;0.481671718124939;0.481671718124937;0.481671718124937;0.481673288491943;"-";"-"
"3";6;"Node5";24;12;12;"-";"-";"-";0.44214028700463;0.435370181935115;0.435370181935114;0.435370181935114;0.435371292570215;"-";"-"
"3";7;"Node6";6;3;3;"-";"-";"-";0.162213803436855;0.0916748953035053;0.0916748953035053;0.0916748953035053;0.0916753108039991;"-";"-"
"3";8;"Node7";0;0;0;"-";"-";"-";0.0620159883194093;1.30175913094834e-17;9.98123436345769e-18;9.98123436345769e-18;0;"-";"-"
"3";9;"Node8";10;5;5;"-";"-";"-";0.223450795930958;0.203088244468244;0.203088244468244;0.203088244468244;0.203087997644165;"-";"-"
"3";10;"Node9";16;8;8;"-";"-";"-";0.324833390053273;0.311520871973866;0.311520871973866;0.311520871973866;0.311520952917409;"-";"-"
"3";11;"Node10";22;11;11;"-";"-";"-";0.417685209723268;0.372269969406969;0.372269969406969;0.372269969406969;0.372270791521475;"-";"-"
"3";12;"Node11";26;13;13;"-";"-";"-";0.477048743909304;0.595814560437133;0.595814560437133;0.595814560437133;0.595812984798462;"-";"-"
"3";13;"Node12";30;15;15;"-";"-";"-";0.561262920205707;0.456949918383041;0.45694991838304;0.45694991838304;0.456951646546636;"-";"-"
"3";14;"Node13";16;8;8;"-";"-";"-";0.320087590769372;0.323152975780325;0.323152975780325;0.323152975780325;0.323153213034559;"-";"-"
"3";15;"Node14";38;19;19;"-";"-";"-";0.690626455396782;0.746262878236042;0.746262878236042;0.746262878236042;0.74626229529534;"-";"-"
"3";16;"Node15";50;25;25;"-";"-";"-";0.900867687528709;0.879494995499843;0.879494995499842;0.879494995499842;0.879495044186169;"-";"-"
"3";17;"Node16";44;22;22;"-";"-";"-";0.783340072880717;0.857151797475543;0.857151797475543;0.857151797475543;0.857151246729466;"-";"-"
"3";18;"Node17";26;13;13;"-";"-";"-";0.505992516862174;0.381529412014866;0.381529412014866;0.381529412014866;0.381531569888758;"-";"-"
"3";19;"Node18";40;20;20;"-";"-";"-";0.717496617685698;0.780691139224894;0.780691139224895;0.780691139224895;0.78069062205508;"-";"-"
"3";20;"Node19";10;5;5;"-";"-";"-";0.21592956514615;0.289739051111452;0.289739051111452;0.289739051111452;0.28973805390463;"-";"-"
"3";21;"Node20";14;7;7;"-";"-";"-";0.288489374370372;0.228550121036557;0.228550121036556;0.228550121036556;0.228550901885574;"-";"-"
"3";22;"Node21";56;28;28;"-";"-";"-";1;0.965259577631523;0.965259577631521;0.965259577631521;0.965260523482398;"-";"-"
"3";23;"Node22";16;8;8;"-";"-";"-";0.329210524236216;0.240914200220836;0.240914200220835;0.240914200220835;0.240915089957132;"-";"-"
"3";24;"Node23";36;18;18;"-";"-";"-";0.646363532310694;0.687546627334325;0.687546627334324;0.687546627334324;0.687546911518106;"-";"-"
"3";25;"Node24";16;8;8;"-";"-";"-";0.336256756464929;0.254069350099604;0.254069350099605;0.254069350099605;0.254070088274058;"-";"-"
"3";26;"Node25";54;27;27;"-";"-";"-";0.948568444775701;1;1;1;1;"-";"-"
"3";27;"Node26";22;11;11;"-";"-";"-";0.426507513039848;0.398905256999219;0.398905256999218;0.398905256999218;0.39890562311277;"-";"-"
"3";28;"Node27";40;20;20;"-";"-";"-";0.721707641272137;0.664779791936717;0.664779791936717;0.664779791936717;0.664781534720186;"-";"-"
"3";29;"Node28";34;17;17;"-";"-";"-";0.629452217229427;0.584825678705629;0.584825678705629;0.584825678705629;0.584825776421418;"-";"-"
"3";30;"Node29";18;9;9;"-";"-";"-";0.352794676166304;0.283140591766666;0.283140591766665;0.283140591766665;0.283141879011419;"-";"-"
"3";31;"Node30";38;19;19;"-";"-";"-";0.669005522754883;0.67966740558243;0.679667405582429;0.679667405582429;0.679669126886312;"-";"-"
"3";32;"Node31";36;18;18;"-";"-";"-";0.637556011799946;0.694079023445674;0.694079023445673;0.694079023445673;0.694080079639951;"-";"-"
"3";33;"Node32";18;9;9;"-";"-";"-";0.34960680751583;0.300077642258198;0.300077642258197;0.300077642258197;0.300078958187061;"-";"-"
"3";34;"Node33";16;8;8;"-";"-";"-";0.317336960850908;0.354924639461751;0.354924639461751;0.354924639461751;0.354923824757808;"-";"-"
"3";35;"Node34";22;11;11;"-";"-";"-";0.41647378496806;0.421569537801244;0.421569537801244;0.421569537801244;0.421570034815274;"-";"-"
"3";36;"Node35";18;9;9;"-";"-";"-";0.356413712154329;0.339107669100455;0.339107669100455;0.339107669100455;0.339107796218242;"-";"-"
"3";37;"Node36";8;4;4;"-";"-";"-";0.185625994427337;0.217529469554686;0.217529469554686;0.217529469554686;0.217528713158186;"-";"-"
"3";38;"Node37";26;13;13;"-";"-";"-";0.47481837305085;0.554565662015074;0.554565662015073;0.554565662015073;0.554565343524526;"-";"-"
"3";39;"Node38";22;11;11;"-";"-";"-";0.42722939877253;0.414266270380851;0.41426627038085;0.41426627038085;0.414266644273265;"-";"-"
"3";40;"Node39";26;13;13;"-";"-";"-";0.492259532026973;0.467967332370751;0.46796733237075;0.46796733237075;0.467967904753122;"-";"-"
"3";41;"Node40";32;16;16;"-";"-";"-";0.592591116993749;0.500466573920974;0.500466573920973;0.500466573920973;0.500468222634555;"-";"-"
"3";42;"Node41";16;8;8;"-";"-";"-";0.314609861954377;0.371079277611498;0.371079277611498;0.371079277611498;0.371078602077093;"-";"-"
"3";43;"Node42";28;14;14;"-";"-";"-";0.532418188426134;0.444747259516461;0.444747259516461;0.444747259516461;0.444748442266243;"-";"-"
"3";44;"Node43";10;5;5;"-";"-";"-";0.218974607535705;0.267539928883672;0.267539928883671;0.267539928883671;0.267539044416565;"-";"-"
"3";45;"Node44";20;10;10;"-";"-";"-";0.384574867625652;0.394483026624231;0.394483026624232;0.394483026624232;0.394482952689864;"-";"-"
"3";46;"Node45";18;9;9;"-";"-";"-";0.348750608894432;0.361457824656818;0.361457824656818;0.361457824656818;0.361457800625192;"-";"-"
"3";47;"Node46";8;4;4;"-";"-";"-";0.191909491102251;0.170781702838964;0.170781702838964;0.170781702838964;0.170781614043227;"-";"-"
"3";48;"Node47";16;8;8;"-";"-";"-";0.320024092992725;0.342186016809263;0.342186016809263;0.342186016809263;0.342185350800005;"-";"-"
"3";49;"Node48";24;12;12;"-";"-";"-";0.46021869806918;0.406397601151401;0.406397601151401;0.406397601151401;0.406398679519584;"-";"-"
"3";50;"Node49";14;7;7;"-";"-";"-";0.287258366274995;0.27416787844809;0.27416787844809;0.27416787844809;0.274168352878525;"-";"-"
"3";51;"Node50";20;10;10;"-";"-";"-";0.378453507806137;0.370059748860083;0.370059748860082;0.370059748860082;0.370060844097663;"-";"-"
"3";52;"Node51";14;7;7;"-";"-";"-";0.281198974356702;0.343826667942307;0.343826667942307;0.343826667942307;0.34382608128784;"-";"-"
"3";53;"Node52";10;5;5;"-";"-";"-";0.230955733079087;0.196202407443983;0.196202407443983;0.196202407443983;0.196202226704972;"-";"-"
"3";54;"Node53";22;11;11;"-";"-";"-";0.414817305610273;0.397628153979117;0.397628153979116;0.397628153979116;0.397629120990474;"-";"-"
"3";55;"Node54";26;13;13;"-";"-";"-";0.475238181154271;0.551834934361211;0.55183493436121;0.55183493436121;0.551834987306439;"-";"-"
"3";56;"Node55";14;7;7;"-";"-";"-";0.280625266302119;0.348112336971091;0.348112336971091;0.348112336971091;0.348111770994576;"-";"-"
"3";57;"Node56";16;8;8;"-";"-";"-";0.318596742642526;0.296360458598512;0.296360458598512;0.296360458598512;0.296361099177219;"-";"-"
"3";58;"Node57";20;10;10;"-";"-";"-";0.37926134707545;0.347028114998793;0.347028114998792;0.347028114998792;0.347029472525586;"-";"-"
"3";59;"Node58";16;8;8;"-";"-";"-";0.316042300424564;0.268487946375479;0.268487946375478;0.268487946375478;0.268489156676429;"-";"-"
"3";60;"Node59";14;7;7;"-";"-";"-";0.291959153999862;0.270414376231805;0.270414376231806;0.270414376231806;0.270414387542833;"-";"-"
"3";61;"Node60";18;9;9;"-";"-";"-";0.346786792113109;0.410684268133706;0.410684268133706;0.410684268133706;0.410683353861528;"-";"-"
"3";62;"Node61";20;10;10;"-";"-";"-";0.374970629915875;0.54363421281109;0.543634212811089;0.543634212811089;0.543632241588493;"-";"-"
"3";63;"Node62";24;12;12;"-";"-";"-";0.458388030060343;0.429174565289645;0.429174565289645;0.429174565289645;0.429175624163545;"-";"-"
"3";64;"Node63";10;5;5;"-";"-";"-";0.22740325031326;0.241544335398738;0.241544335398738;0.241544335398738;0.24154379267593;"-";"-"
"3";65;"Node64";22;11;11;"-";"-";"-";0.410854948004537;0.418508730438893;0.418508730438892;0.418508730438892;0.418509340278037;"-";"-"
"3";66;"Node65";18;9;9;"-";"-";"-";0.348082108847191;0.393677334464531;0.393677334464531;0.393677334464531;0.39367726632272;"-";"-"
"3";67;"Node66";8;4;4;"-";"-";"-";0.186531339429893;0.192968323266725;0.192968323266725;0.192968323266725;0.19296814789457;"-";"-"
"3";68;"Node67";12;6;6;"-";"-";"-";0.249493269193095;0.304820237924997;0.304820237924997;0.304820237924997;0.304819734262836;"-";"-"
"3";69;"Node68";8;4;4;"-";"-";"-";0.187574041930504;0.210484329403629;0.210484329403628;0.210484329403628;0.210483927254291;"-";"-"
"3";70;"Node69";16;8;8;"-";"-";"-";0.312772472011085;0.345379419146223;0.345379419146223;0.345379419146223;0.345379212448803;"-";"-"
"3";71;"Node70";8;4;4;"-";"-";"-";0.189734253169673;0.166009598312181;0.166009598312181;0.166009598312181;0.166009761344659;"-";"-"
"Aggr";1;"Node0";40;27;13;"-";"-";"-";0.500851910151506;0.440632499762893;0.227023149669272;0.342095520099104;0.440631697860621;"-";"-"
"Aggr";2;"Node1";45;30;15;"-";"-";"-";0.582461667383805;0.525930745304716;0.301775315537471;0.472034762806771;0.525930415392744;"-";"-"
"Aggr";3;"Node2";29;12;17;"-";"-";"-";0.222653120855845;0.157956311006674;0.24603389903317;0.146720216424886;0.157956817540131;"-";"-"
"Aggr";4;"Node3";63;32;31;"-";"-";"-";0.565493383936695;0.619373851800714;0.69620379460941;0.635562673904341;0.61937352997015;"-";"-"
"Aggr";5;"Node4";46;23;23;"-";"-";"-";0.420501217083259;0.354285968578992;0.382211267037126;0.373245622670494;0.354287330299621;"-";"-"
"Aggr";6;"Node5";42;27;15;"-";"-";"-";0.427724725920112;0.404955329430296;0.206700965288041;0.391536594442207;0.404955922186839;"-";"-"
"Aggr";7;"Node6";23;12;11;"-";"-";"-";0.188248216337208;0.0994294160655211;0.134801575580471;0.10490313376287;0.0994299140386528;"-";"-"
"Aggr";8;"Node7";26;20;6;"-";"-";"-";0.273566972805335;0.278594797723832;0.0604172867438694;0.252891277696399;0.278594412061619;"-";"-"
"Aggr";9;"Node8";38;26;12;"-";"-";"-";0.389194002025417;0.411690890966427;0.180508404910051;0.422049773893335;0.411690664292285;"-";"-"
"Aggr";10;"Node9";34;21;13;"-";"-";"-";0.31999618503418;0.256165620369162;0.322595497459657;0.261148777362508;0.256165918348814;"-";"-"
"Aggr";11;"Node10";60;31;29;"-";"-";"-";0.593411557871196;0.576572775172959;0.406969194446331;0.533366095576043;0.576572207745673;"-";"-"
"Aggr";12;"Node11";68;30;38;"-";"-";"-";0.531290949464345;0.540538366441033;0.916056436450801;0.48521380004498;0.540537801452705;"-";"-"
"Aggr";13;"Node12";77;44;33;"-";"-";"-";0.747942164622118;0.715172262270652;0.66018702082888;0.775570032421394;0.715173104741346;"-";"-"
"Aggr";14;"Node13";42;22;20;"-";"-";"-";0.363398786972343;0.349908390081705;0.367677605527934;0.349285484917203;0.349908693950798;"-";"-"
"Aggr";15;"Node14";58;27;31;"-";"-";"-";0.480624142635188;0.473771886839254;0.516690650494307;0.455102441003839;0.473772040800158;"-";"-"
"Aggr";16;"Node15";79;36;43;"-";"-";"-";0.717528423665591;0.63928833951689;0.764093565903879;0.578624758207788;0.639288430749439;"-";"-"
"Aggr";17;"Node16";71;36;35;"-";"-";"-";0.874987551300807;0.818983918454156;0.759730779099973;0.732068623949491;0.818983341632023;"-";"-"
"Aggr";18;"Node17";33;17;16;"-";"-";"-";0.312789474707651;0.221909130566689;0.20702897308595;0.281592403888514;0.221910991660508;"-";"-"
"Aggr";19;"Node18";59;25;34;"-";"-";"-";0.416211676950103;0.417465551851203;0.84078089179911;0.422231189358485;0.417465536981659;"-";"-"
"Aggr";20;"Node19";43;28;15;"-";"-";"-";0.474830263134652;0.474119938046522;0.441193731485616;0.420547440668562;0.474119285286274;"-";"-"
"Aggr";21;"Node20";51;35;16;"-";"-";"-";0.53125317927027;0.542718984930494;0.334732453171229;0.537337215633337;0.542718784352304;"-";"-"
"Aggr";22;"Node21";79;37;42;"-";"-";"-";0.669772551586498;0.605548005278815;0.823359804120054;0.613649681791041;0.605548533166106;"-";"-"
"Aggr";23;"Node22";37;17;20;"-";"-";"-";0.262553583628788;0.225240249527262;0.252080779591144;0.279315327152653;0.225240723867443;"-";"-"
"Aggr";24;"Node23";74;42;32;"-";"-";"-";0.736544287901378;0.734258088659013;0.64115616404576;0.711604833276237;0.734257962612927;"-";"-"
"Aggr";25;"Node24";35;21;14;"-";"-";"-";0.296389305385701;0.255630756241974;0.23825461630335;0.318099073257834;0.255631813970497;"-";"-"
"Aggr";26;"Node25";88;48;40;"-";"-";"-";1;1;0.842145608077069;1;1;"-";"-"
"Aggr";27;"Node26";55;26;29;"-";"-";"-";0.431664436629649;0.419390468777382;0.647030168269482;0.445334695280754;0.419390490622635;"-";"-"
"Aggr";28;"Node27";70;33;37;"-";"-";"-";0.564556393341877;0.505375028892904;0.948814754635466;0.524920618060354;0.505376474102315;"-";"-"
"Aggr";29;"Node28";57;31;26;"-";"-";"-";0.534506115499766;0.513204360376598;0.553964480801595;0.50549924562366;0.513204292391898;"-";"-"
"Aggr";30;"Node29";65;27;38;"-";"-";"-";0.387594944993318;0.324505342857373;0.78251413672141;0.364165201683893;0.324506581678578;"-";"-"
"Aggr";31;"Node30";64;30;34;"-";"-";"-";0.5202719625308;0.460883740395728;0.844646083365813;0.505512380430196;0.460885520923135;"-";"-"
"Aggr";32;"Node31";51;27;24;"-";"-";"-";0.484412498275862;0.452275180073938;0.520217074706139;0.470702463372071;0.452276483387432;"-";"-"
"Aggr";33;"Node32";41;16;25;"-";"-";"-";0.237455739216849;0.167853590375318;0.488493559604181;0.19529938633094;0.167854542819973;"-";"-"
"Aggr";34;"Node33";48;33;15;"-";"-";"-";0.496080731220828;0.471347755369704;0.370003973108211;0.495812007273298;0.471348103343405;"-";"-"
"Aggr";35;"Node34";63;24;39;"-";"-";"-";0.360782807913596;0.295326952253076;0.817640501789617;0.343011632821465;0.295328461282657;"-";"-"
"Aggr";36;"Node35";47;22;25;"-";"-";"-";0.340237456565341;0.299343010029564;0.357772653910779;0.332711805261978;0.29934352532611;"-";"-"
"Aggr";37;"Node36";20;9;11;"-";"-";"-";0.145061371690103;0.114835217263592;0.156538724614792;0.113486350681328;0.114835093707044;"-";"-"
"Aggr";38;"Node37";57;35;22;"-";"-";"-";0.495694877225135;0.501135568632729;0.617576804465478;0.521654070087976;0.501135724800105;"-";"-"
"Aggr";39;"Node38";53;30;23;"-";"-";"-";0.461661478816905;0.448913189236033;0.588684210620993;0.470687323114906;0.448913471439201;"-";"-"
"Aggr";40;"Node39";56;35;21;"-";"-";"-";0.606550920154838;0.564731229255501;0.582449030810608;0.503214843402279;0.564730780065299;"-";"-"
"Aggr";41;"Node40";64;35;29;"-";"-";"-";0.672531594496626;0.622692782672932;0.608516617199355;0.6184221348126;0.62269295415099;"-";"-"
"Aggr";42;"Node41";53;18;35;"-";"-";"-";0.251210546464691;0.243964304717708;1;0.258671873051326;0.243964268952844;"-";"-"
"Aggr";43;"Node42";61;31;30;"-";"-";"-";0.453162533849618;0.398437533612993;0.679467955535491;0.39851081067679;0.398437864778811;"-";"-"
"Aggr";44;"Node43";20;6;14;"-";"-";"-";0.141401722692688;0.0922722364450235;0.394400286269362;0.0568514529712063;0.092271855400969;"-";"-"
"Aggr";45;"Node44";41;19;22;"-";"-";"-";0.291075753039097;0.277251035152924;0.602329631714033;0.261574611712427;0.277250799021376;"-";"-"
"Aggr";46;"Node45";40;18;22;"-";"-";"-";0.272133307512112;0.248849738720243;0.390287612232959;0.267510731674582;0.24885002959825;"-";"-"
"Aggr";47;"Node46";21;6;15;"-";"-";"-";0.115530904297941;0.0496805321605107;0.324490160822925;0.0401395916214514;0.0496806445414314;"-";"-"
"Aggr";48;"Node47";39;14;25;"-";"-";"-";0.248367761089179;0.210914228033955;0.533099783395206;0.18042903654391;0.210913930470891;"-";"-"
"Aggr";49;"Node48";59;24;35;"-";"-";"-";0.339530573012226;0.279027931730149;0.774136163289815;0.266067070842699;0.279028237034198;"-";"-"
"Aggr";50;"Node49";34;21;13;"-";"-";"-";0.323158664732817;0.26062687680022;0.302200976127152;0.256499137587666;0.260627700493363;"-";"-"
"Aggr";51;"Node50";46;17;29;"-";"-";"-";0.263074321107498;0.172550416960446;0.621051473982972;0.171278156558244;0.172551305883678;"-";"-"
"Aggr";52;"Node51";48;29;19;"-";"-";"-";0.409433710009892;0.390927921875262;0.509894152944918;0.390593120886944;0.390927993161874;"-";"-"
"Aggr";53;"Node52";21;7;14;"-";"-";"-";0.201101732616398;0.122359527258183;0.244836245474048;0.094311749924219;0.122359338046299;"-";"-"
"Aggr";54;"Node53";50;27;23;"-";"-";"-";0.370390658778396;0.324201707512302;0.562203291519603;0.310421518259311;0.324202179940097;"-";"-"
"Aggr";55;"Node54";47;22;25;"-";"-";"-";0.328698225960444;0.301684333487759;0.629504389784314;0.267331098014372;0.301684142851963;"-";"-"
"Aggr";56;"Node55";49;26;23;"-";"-";"-";0.356197732372742;0.319685554011253;0.669866707853895;0.286654175750458;0.319685416631349;"-";"-"
"Aggr";57;"Node56";51;29;22;"-";"-";"-";0.464252017754004;0.348812794432915;0.509075445828977;0.318901931730164;0.348812832834263;"-";"-"
"Aggr";58;"Node57";47;23;24;"-";"-";"-";0.333757623189585;0.230247374815931;0.470966965122388;0.239548400652245;0.230248371778297;"-";"-"
"Aggr";59;"Node58";34;13;21;"-";"-";"-";0.201200133415105;0.1277639416143;0.405125869462598;0.129475451831264;0.127764599534925;"-";"-"
"Aggr";60;"Node59";49;20;29;"-";"-";"-";0.334961091059539;0.217291968390837;0.498513019004814;0.208787859702396;0.217292365808059;"-";"-"
"Aggr";61;"Node60";36;13;23;"-";"-";"-";0.219031566242133;0.181725954780354;0.487803580039135;0.140067874361384;0.181725602591917;"-";"-"
"Aggr";62;"Node61";36;18;18;"-";"-";"-";0.267234617943172;0.25860740462828;0.331208069573444;0.227386500052382;0.258606860563438;"-";"-"
"Aggr";63;"Node62";34;13;21;"-";"-";"-";0.223924383726197;0.154487089130969;0.396148566183217;0.137346892415006;0.154487545202811;"-";"-"
"Aggr";64;"Node63";39;27;12;"-";"-";"-";0.437123239392939;0.301632504660464;0.237004680874971;0.279426305295697;0.301632825314629;"-";"-"
"Aggr";65;"Node64";50;24;26;"-";"-";"-";0.39376649781989;0.312838963859888;0.598199751830968;0.239840601971944;0.312838815028614;"-";"-"
"Aggr";66;"Node65";48;15;33;"-";"-";"-";0.217273400340135;0.20305767493744;0.639878903672992;0.157892011062226;0.203057245340689;"-";"-"
"Aggr";67;"Node66";30;10;20;"-";"-";"-";0.173904078155834;0.160538664445101;0.371246705801683;0.118708421388796;0.160538196818191;"-";"-"
"Aggr";68;"Node67";38;17;21;"-";"-";"-";0.222033695494282;0.217756307478184;0.410578233130344;0.192482766500096;0.217755919349205;"-";"-"
"Aggr";69;"Node68";33;12;21;"-";"-";"-";0.181600347169572;0.157510883267794;0.288500152817363;0.122595781720498;0.157510547449661;"-";"-"
"Aggr";70;"Node69";38;16;22;"-";"-";"-";0.24401234788235;0.234031480094546;0.435014821187293;0.204743720259609;0.234031248070876;"-";"-"
"Aggr";71;"Node70";29;12;17;"-";"-";"-";0.188707025424784;0.172084549868954;0.294224860255531;0.139266950133148;0.172084217777562;"-";"-"
