"Layer";"Node";"Label";"Strength";"StrengthIn";"StrengthOut";"Degree";"DegreeIn";"DegreeOut";"PageRank";"Eigenvector";"Hub";"Authority";"Katz";"Multiplexity";"Kcore"
"1-Multi";1;"Node0";"-";"-";"-";45;31;14;0.565402530700321;1;0.258177683974592;0.432336885362373;0.167010117142245;"-";"-"
"1-Multi";2;"Node1";"-";"-";"-";60;43;17;0.613144832609265;1;2.42826877945853e-16;0.359238549136589;0.419289000280875;"-";"-"
"1-Multi";3;"Node2";"-";"-";"-";33;15;18;0.24106033948137;1;0.271999422034386;0.131365338170798;0.0970324593351184;"-";"-"
"1-Multi";4;"Node3";"-";"-";"-";93;50;43;0.540345927747352;1;0.312584073570388;0.491386536281928;0.708153534116702;"-";"-"
"1-Multi";5;"Node4";"-";"-";"-";67;36;31;0.448931656548424;1;0.330426934024036;0.411899913418352;0.481760725577559;"-";"-"
"1-Multi";6;"Node5";"-";"-";"-";52;35;17;0.443452497880775;1;0.119636409467247;0.388249192402724;0.435338867240479;"-";"-"
"1-Multi";7;"Node6";"-";"-";"-";22;11;11;0.199589798345754;1;0.0686020380173744;0.1220780733324;0.0917075090844433;"-";"-"
"1-Multi";8;"Node7";"-";"-";"-";25;20;5;0.351408046191597;1;0.0859475031747689;0.316919881610447;4.48341417814716e-05;"-";"-"
"1-Multi";9;"Node8";"-";"-";"-";45;33;12;0.398152466005288;1;0.121444528443122;0.278318902790184;0.20310809296215;"-";"-"
"1-Multi";10;"Node9";"-";"-";"-";41;24;17;0.323332242920204;1;0.0487900223177072;0.194272370217749;0.311488934736121;"-";"-"
"1-Multi";11;"Node10";"-";"-";"-";79;44;35;0.862674347534277;1;0.393716105099083;0.452301797995596;0.37246321643503;"-";"-"
"1-Multi";12;"Node11";"-";"-";"-";96;41;55;0.579020029169374;1;0.823948560157936;0.356072039286112;0.595997973128336;"-";"-"
"1-Multi";13;"Node12";"-";"-";"-";114;68;46;0.703101938797541;1;0.445225767253253;1;0.457092954568888;"-";"-"
"1-Multi";14;"Node13";"-";"-";"-";56;30;26;0.338023763819236;1;0.057195741296381;0.230899233468433;0.323146118426249;"-";"-"
"1-Multi";15;"Node14";"-";"-";"-";76;41;35;0.496339285548246;1;0.184205415249538;0.361129756833066;0.746182167052875;"-";"-"
"1-Multi";16;"Node15";"-";"-";"-";112;55;57;0.722307405101839;1;0.0602368539244645;0.33156154208986;0.879372644204282;"-";"-"
"1-Multi";17;"Node16";"-";"-";"-";116;66;50;1;1;0.105013576861575;0.37181905093154;0.857050220018745;"-";"-"
"1-Multi";18;"Node17";"-";"-";"-";48;29;19;0.375540122045696;1;0.0324510675585767;0.235597625032909;0.381446528138606;"-";"-"
"1-Multi";19;"Node18";"-";"-";"-";89;35;54;0.446090395937072;1;0.959824014306967;0.181033787589924;0.780813153000972;"-";"-"
"1-Multi";20;"Node19";"-";"-";"-";54;34;20;0.473068724757014;1;0.512702098221067;0.519450811080041;0.289801940189714;"-";"-"
"1-Multi";21;"Node20";"-";"-";"-";62;44;18;0.585169401831328;1;0.538003775299075;0.581797650726258;0.2286568810455;"-";"-"
"1-Multi";22;"Node21";"-";"-";"-";110;56;54;0.746548067795578;1;0.383268890397709;0.586750533737771;0.965145179612789;"-";"-"
"1-Multi";23;"Node22";"-";"-";"-";43;23;20;0.273805961385699;1;0.328234524867697;0.274894617390144;0.240957283535536;"-";"-"
"1-Multi";24;"Node23";"-";"-";"-";101;61;40;0.650413988184331;1;0.846148120612568;0.747857998581405;0.687617049713244;"-";"-"
"1-Multi";25;"Node24";"-";"-";"-";46;28;18;0.306266698708816;1;0.22741250056808;0.155779842391497;0.25411227708965;"-";"-"
"1-Multi";26;"Node25";"-";"-";"-";138;86;52;0.938700462937149;1;0.940170048964143;0.889751722236888;1;"-";"-"
"1-Multi";27;"Node26";"-";"-";"-";73;36;37;0.39674444080171;1;0.857708672180035;0.350094505529469;0.399038612379217;"-";"-"
"1-Multi";28;"Node27";"-";"-";"-";112;51;61;0.581387026237383;1;0.798778574641915;0.393783338095696;0.664923979041067;"-";"-"
"1-Multi";29;"Node28";"-";"-";"-";79;44;35;0.501779389565285;1;0.442650804096412;0.318117353546911;0.584828938209551;"-";"-"
"1-Multi";30;"Node29";"-";"-";"-";82;34;48;0.362972270706881;1;0.522330997096091;0.483576692932795;0.283295795473947;"-";"-"
"1-Multi";31;"Node30";"-";"-";"-";100;49;51;0.561704844932678;1;0.738864199882042;0.425419686573976;0.67973767618709;"-";"-"
"1-Multi";32;"Node31";"-";"-";"-";81;44;37;0.491003960306334;1;0.316435751964191;0.376652119866179;0.694027149165592;"-";"-"
"1-Multi";33;"Node32";"-";"-";"-";49;19;30;0.295150647543973;1;0.677607551899722;0.167856128842533;0.300218454610106;"-";"-"
"1-Multi";34;"Node33";"-";"-";"-";64;43;21;0.463584775555862;1;0.158808901381371;0.416652364599136;0.354900043686704;"-";"-"
"1-Multi";35;"Node34";"-";"-";"-";86;34;52;0.363351149706519;1;0.535759013058662;0.289250872373377;0.421689348394595;"-";"-"
"1-Multi";36;"Node35";"-";"-";"-";55;30;25;0.330076734530746;1;0.307152656811776;0.341467415258478;0.339110406549517;"-";"-"
"1-Multi";37;"Node36";"-";"-";"-";20;9;11;0.143421460271963;1;0.0535382508814005;0.101543484490789;0.217510420849043;"-";"-"
"1-Multi";38;"Node37";"-";"-";"-";74;43;31;0.429795270319188;1;0.368358028156055;0.469568012546016;0.554526799050638;"-";"-"
"1-Multi";39;"Node38";"-";"-";"-";74;41;33;0.434718736309865;1;0.600202569015254;0.555352676041567;0.414401155743982;"-";"-"
"1-Multi";40;"Node39";"-";"-";"-";75;46;29;0.524703124540524;1;0.361331043216056;0.728045190142636;0.467989616777615;"-";"-"
"1-Multi";41;"Node40";"-";"-";"-";93;55;38;0.611029781357851;1;0.858414424447897;0.772029335086343;0.500590506230483;"-";"-"
"1-Multi";42;"Node41";"-";"-";"-";77;21;56;0.243137293635939;1;0.929338402873833;0.155253286031606;0.371321324568501;"-";"-"
"1-Multi";43;"Node42";"-";"-";"-";76;37;39;0.41135134635301;1;0.640388829621526;0.322809387804271;0.444836971931201;"-";"-"
"1-Multi";44;"Node43";"-";"-";"-";25;5;20;0.130738223954563;1;0.167328196132595;9.74634613319067e-17;0.26751874702241;"-";"-"
"1-Multi";45;"Node44";"-";"-";"-";55;22;33;0.28895527317422;1;0.24427649896292;0.230464249280696;0.394522834562312;"-";"-"
"1-Multi";46;"Node45";"-";"-";"-";51;23;28;0.297505425991518;1;0.194079815729551;0.208203412674217;0.361497259351666;"-";"-"
"1-Multi";47;"Node46";"-";"-";"-";24;5;19;0.130703956005582;1;0.168409250646007;0.00247941849550936;0.170805361671051;"-";"-"
"1-Multi";48;"Node47";"-";"-";"-";47;16;31;0.233510937498078;1;0.558053377716593;0.0890682659556233;0.34227462949434;"-";"-"
"1-Multi";49;"Node48";"-";"-";"-";73;27;46;0.31207254776392;1;0.485660109786116;0.352725566767013;0.406451531472209;"-";"-"
"1-Multi";50;"Node49";"-";"-";"-";47;26;21;0.290676582020265;1;0.273176122697491;0.28740404292341;0.274233595543026;"-";"-"
"1-Multi";51;"Node50";"-";"-";"-";64;19;45;0.263095433121198;1;0.810132999390911;0.0483654691122978;0.370285067773257;"-";"-"
"1-Multi";52;"Node51";"-";"-";"-";60;34;26;0.366039520589725;1;0.613155113677798;0.57792276222898;0.343915482081479;"-";"-"
"1-Multi";53;"Node52";"-";"-";"-";27;9;18;0.190339806226093;1;0.1052379636776;0.0954661049996756;0.196185711735509;"-";"-"
"1-Multi";54;"Node53";"-";"-";"-";65;31;34;0.378237772850719;1;0.598279113210829;0.426925819341105;0.397757663800396;"-";"-"
"1-Multi";55;"Node54";"-";"-";"-";59;24;35;0.32618439657994;1;0.933896501817674;0.29569393648429;0.551982823240237;"-";"-"
"1-Multi";56;"Node55";"-";"-";"-";62;27;35;0.330590116846149;1;0.888093453464919;0.427021942848045;0.348324574981486;"-";"-"
"1-Multi";57;"Node56";"-";"-";"-";59;31;28;0.380056516035705;1;0.549251118888473;0.480254120326911;0.29648528885246;"-";"-"
"1-Multi";58;"Node57";"-";"-";"-";58;26;32;0.300930842731236;1;0.368461023268064;0.208480095252858;0.347119662135064;"-";"-"
"1-Multi";59;"Node58";"-";"-";"-";43;14;29;0.202107059765888;1;0.225834471420176;0.0952438572074755;0.268557484321744;"-";"-"
"1-Multi";60;"Node59";"-";"-";"-";56;22;34;0.301592399372409;1;0.312320753570629;0.170250633604198;0.27049896912874;"-";"-"
"1-Multi";61;"Node60";"-";"-";"-";40;13;27;0.230269322253542;1;0.0807169999235536;0.050350556785473;0.410613394691046;"-";"-"
"1-Multi";62;"Node61";"-";"-";"-";39;19;20;0.255574167150053;1;0.303472895448406;0.200672502716704;0.543631679516958;"-";"-"
"1-Multi";63;"Node62";"-";"-";"-";44;14;30;0.238456125383681;1;0.311835890219842;0.0516468689641978;0.429225363029671;"-";"-"
"1-Multi";64;"Node63";"-";"-";"-";46;30;16;0.475885919388463;1;0.255433912264543;0.394597761025489;0.241540774193573;"-";"-"
"1-Multi";65;"Node64";"-";"-";"-";62;26;36;0.376880489537269;1;1;0.279077174839038;0.418738586031626;"-";"-"
"1-Multi";66;"Node65";"-";"-";"-";56;14;42;0.252524011307619;1;0.938533054695322;0.0672577519081866;0.393981341255887;"-";"-"
"1-Multi";67;"Node66";"-";"-";"-";34;10;24;0.210419156392661;1;0.578232659667409;0.10823489917803;0.193178721584848;"-";"-"
"1-Multi";68;"Node67";"-";"-";"-";40;16;24;0.271695165081038;1;0.504443666395319;0.222131498795051;0.304918624083515;"-";"-"
"1-Multi";69;"Node68";"-";"-";"-";33;11;22;0.205308902479456;1;0.315101979864787;0.138513398187926;0.210634271976765;"-";"-"
"1-Multi";70;"Node69";"-";"-";"-";44;18;26;0.292690714646665;1;0.256603908987888;0.219100420571179;0.345393522160657;"-";"-"
"1-Multi";71;"Node70";"-";"-";"-";32;12;20;0.251070062804509;1;0.473012248899181;0.115742170338366;0.166187257551337;"-";"-"
"2-Multi";1;"Node0";"-";"-";"-";45;31;14;0.565402530700321;1;0.258177683974592;0.432336885362373;0.167010117142245;"-";"-"
"2-Multi";2;"Node1";"-";"-";"-";60;43;17;0.613144832609265;1;2.42826877945853e-16;0.359238549136589;0.419289000280875;"-";"-"
"2-Multi";3;"Node2";"-";"-";"-";33;15;18;0.24106033948137;1;0.271999422034386;0.131365338170798;0.0970324593351184;"-";"-"
"2-Multi";4;"Node3";"-";"-";"-";93;50;43;0.540345927747352;1;0.312584073570388;0.491386536281928;0.708153534116702;"-";"-"
"2-Multi";5;"Node4";"-";"-";"-";67;36;31;0.448931656548424;1;0.330426934024036;0.411899913418352;0.481760725577559;"-";"-"
"2-Multi";6;"Node5";"-";"-";"-";52;35;17;0.443452497880775;1;0.119636409467247;0.388249192402724;0.435338867240479;"-";"-"
"2-Multi";7;"Node6";"-";"-";"-";22;11;11;0.199589798345754;1;0.0686020380173744;0.1220780733324;0.0917075090844433;"-";"-"
"2-Multi";8;"Node7";"-";"-";"-";25;20;5;0.351408046191597;1;0.0859475031747689;0.316919881610447;4.48341417814716e-05;"-";"-"
"2-Multi";9;"Node8";"-";"-";"-";45;33;12;0.398152466005288;1;0.121444528443122;0.278318902790184;0.20310809296215;"-";"-"
"2-Multi";10;"Node9";"-";"-";"-";41;24;17;0.323332242920204;1;0.0487900223177072;0.194272370217749;0.311488934736121;"-";"-"
"2-Multi";11;"Node10";"-";"-";"-";79;44;35;0.862674347534277;1;0.393716105099083;0.452301797995596;0.37246321643503;"-";"-"
"2-Multi";12;"Node11";"-";"-";"-";96;41;55;0.579020029169374;1;0.823948560157936;0.356072039286112;0.595997973128336;"-";"-"
"2-Multi";13;"Node12";"-";"-";"-";114;68;46;0.703101938797541;1;0.445225767253253;1;0.457092954568888;"-";"-"
"2-Multi";14;"Node13";"-";"-";"-";56;30;26;0.338023763819236;1;0.057195741296381;0.230899233468433;0.323146118426249;"-";"-"
"2-Multi";15;"Node14";"-";"-";"-";76;41;35;0.496339285548246;1;0.184205415249538;0.361129756833066;0.746182167052875;"-";"-"
"2-Multi";16;"Node15";"-";"-";"-";112;55;57;0.722307405101839;1;0.0602368539244645;0.33156154208986;0.879372644204282;"-";"-"
"2-Multi";17;"Node16";"-";"-";"-";116;66;50;1;1;0.105013576861575;0.37181905093154;0.857050220018745;"-";"-"
"2-Multi";18;"Node17";"-";"-";"-";48;29;19;0.375540122045696;1;0.0324510675585767;0.235597625032909;0.381446528138606;"-";"-"
"2-Multi";19;"Node18";"-";"-";"-";89;35;54;0.446090395937072;1;0.959824014306967;0.181033787589924;0.780813153000972;"-";"-"
"2-Multi";20;"Node19";"-";"-";"-";54;34;20;0.473068724757014;1;0.512702098221067;0.519450811080041;0.289801940189714;"-";"-"
"2-Multi";21;"Node20";"-";"-";"-";62;44;18;0.585169401831328;1;0.538003775299075;0.581797650726258;0.2286568810455;"-";"-"
"2-Multi";22;"Node21";"-";"-";"-";110;56;54;0.746548067795578;1;0.383268890397709;0.586750533737771;0.965145179612789;"-";"-"
"2-Multi";23;"Node22";"-";"-";"-";43;23;20;0.273805961385699;1;0.328234524867697;0.274894617390144;0.240957283535536;"-";"-"
"2-Multi";24;"Node23";"-";"-";"-";101;61;40;0.650413988184331;1;0.846148120612568;0.747857998581405;0.687617049713244;"-";"-"
"2-Multi";25;"Node24";"-";"-";"-";46;28;18;0.306266698708816;1;0.22741250056808;0.155779842391497;0.25411227708965;"-";"-"
"2-Multi";26;"Node25";"-";"-";"-";138;86;52;0.938700462937149;1;0.940170048964143;0.889751722236888;1;"-";"-"
"2-Multi";27;"Node26";"-";"-";"-";73;36;37;0.39674444080171;1;0.857708672180035;0.350094505529469;0.399038612379217;"-";"-"
"2-Multi";28;"Node27";"-";"-";"-";112;51;61;0.581387026237383;1;0.798778574641915;0.393783338095696;0.664923979041067;"-";"-"
"2-Multi";29;"Node28";"-";"-";"-";79;44;35;0.501779389565285;1;0.442650804096412;0.318117353546911;0.584828938209551;"-";"-"
"2-Multi";30;"Node29";"-";"-";"-";82;34;48;0.362972270706881;1;0.522330997096091;0.483576692932795;0.283295795473947;"-";"-"
"2-Multi";31;"Node30";"-";"-";"-";100;49;51;0.561704844932678;1;0.738864199882042;0.425419686573976;0.67973767618709;"-";"-"
"2-Multi";32;"Node31";"-";"-";"-";81;44;37;0.491003960306334;1;0.316435751964191;0.376652119866179;0.694027149165592;"-";"-"
"2-Multi";33;"Node32";"-";"-";"-";49;19;30;0.295150647543973;1;0.677607551899722;0.167856128842533;0.300218454610106;"-";"-"
"2-Multi";34;"Node33";"-";"-";"-";64;43;21;0.463584775555862;1;0.158808901381371;0.416652364599136;0.354900043686704;"-";"-"
"2-Multi";35;"Node34";"-";"-";"-";86;34;52;0.363351149706519;1;0.535759013058662;0.289250872373377;0.421689348394595;"-";"-"
"2-Multi";36;"Node35";"-";"-";"-";55;30;25;0.330076734530746;1;0.307152656811776;0.341467415258478;0.339110406549517;"-";"-"
"2-Multi";37;"Node36";"-";"-";"-";20;9;11;0.143421460271963;1;0.0535382508814005;0.101543484490789;0.217510420849043;"-";"-"
"2-Multi";38;"Node37";"-";"-";"-";74;43;31;0.429795270319188;1;0.368358028156055;0.469568012546016;0.554526799050638;"-";"-"
"2-Multi";39;"Node38";"-";"-";"-";74;41;33;0.434718736309865;1;0.600202569015254;0.555352676041567;0.414401155743982;"-";"-"
"2-Multi";40;"Node39";"-";"-";"-";75;46;29;0.524703124540524;1;0.361331043216056;0.728045190142636;0.467989616777615;"-";"-"
"2-Multi";41;"Node40";"-";"-";"-";93;55;38;0.611029781357851;1;0.858414424447897;0.772029335086343;0.500590506230483;"-";"-"
"2-Multi";42;"Node41";"-";"-";"-";77;21;56;0.243137293635939;1;0.929338402873833;0.155253286031606;0.371321324568501;"-";"-"
"2-Multi";43;"Node42";"-";"-";"-";76;37;39;0.41135134635301;1;0.640388829621526;0.322809387804271;0.444836971931201;"-";"-"
"2-Multi";44;"Node43";"-";"-";"-";25;5;20;0.130738223954563;1;0.167328196132595;9.74634613319067e-17;0.26751874702241;"-";"-"
"2-Multi";45;"Node44";"-";"-";"-";55;22;33;0.28895527317422;1;0.24427649896292;0.230464249280696;0.394522834562312;"-";"-"
"2-Multi";46;"Node45";"-";"-";"-";51;23;28;0.297505425991518;1;0.194079815729551;0.208203412674217;0.361497259351666;"-";"-"
"2-Multi";47;"Node46";"-";"-";"-";24;5;19;0.130703956005582;1;0.168409250646007;0.00247941849550936;0.170805361671051;"-";"-"
"2-Multi";48;"Node47";"-";"-";"-";47;16;31;0.233510937498078;1;0.558053377716593;0.0890682659556233;0.34227462949434;"-";"-"
"2-Multi";49;"Node48";"-";"-";"-";73;27;46;0.31207254776392;1;0.485660109786116;0.352725566767013;0.406451531472209;"-";"-"
"2-Multi";50;"Node49";"-";"-";"-";47;26;21;0.290676582020265;1;0.273176122697491;0.28740404292341;0.274233595543026;"-";"-"
"2-Multi";51;"Node50";"-";"-";"-";64;19;45;0.263095433121198;1;0.810132999390911;0.0483654691122978;0.370285067773257;"-";"-"
"2-Multi";52;"Node51";"-";"-";"-";60;34;26;0.366039520589725;1;0.613155113677798;0.57792276222898;0.343915482081479;"-";"-"
"2-Multi";53;"Node52";"-";"-";"-";27;9;18;0.190339806226093;1;0.1052379636776;0.0954661049996756;0.196185711735509;"-";"-"
"2-Multi";54;"Node53";"-";"-";"-";65;31;34;0.378237772850719;1;0.598279113210829;0.426925819341105;0.397757663800396;"-";"-"
"2-Multi";55;"Node54";"-";"-";"-";59;24;35;0.32618439657994;1;0.933896501817674;0.29569393648429;0.551982823240237;"-";"-"
"2-Multi";56;"Node55";"-";"-";"-";62;27;35;0.330590116846149;1;0.888093453464919;0.427021942848045;0.348324574981486;"-";"-"
"2-Multi";57;"Node56";"-";"-";"-";59;31;28;0.380056516035705;1;0.549251118888473;0.480254120326911;0.29648528885246;"-";"-"
"2-Multi";58;"Node57";"-";"-";"-";58;26;32;0.300930842731236;1;0.368461023268064;0.208480095252858;0.347119662135064;"-";"-"
"2-Multi";59;"Node58";"-";"-";"-";43;14;29;0.202107059765888;1;0.225834471420176;0.0952438572074755;0.268557484321744;"-";"-"
"2-Multi";60;"Node59";"-";"-";"-";56;22;34;0.301592399372409;1;0.312320753570629;0.170250633604198;0.27049896912874;"-";"-"
"2-Multi";61;"Node60";"-";"-";"-";40;13;27;0.230269322253542;1;0.0807169999235536;0.050350556785473;0.410613394691046;"-";"-"
"2-Multi";62;"Node61";"-";"-";"-";39;19;20;0.255574167150053;1;0.303472895448406;0.200672502716704;0.543631679516958;"-";"-"
"2-Multi";63;"Node62";"-";"-";"-";44;14;30;0.238456125383681;1;0.311835890219842;0.0516468689641978;0.429225363029671;"-";"-"
"2-Multi";64;"Node63";"-";"-";"-";46;30;16;0.475885919388463;1;0.255433912264543;0.394597761025489;0.241540774193573;"-";"-"
"2-Multi";65;"Node64";"-";"-";"-";62;26;36;0.376880489537269;1;1;0.279077174839038;0.418738586031626;"-";"-"
"2-Multi";66;"Node65";"-";"-";"-";56;14;42;0.252524011307619;1;0.938533054695322;0.0672577519081866;0.393981341255887;"-";"-"
"2-Multi";67;"Node66";"-";"-";"-";34;10;24;0.210419156392661;1;0.578232659667409;0.10823489917803;0.193178721584848;"-";"-"
"2-Multi";68;"Node67";"-";"-";"-";40;16;24;0.271695165081038;1;0.504443666395319;0.222131498795051;0.304918624083515;"-";"-"
"2-Multi";69;"Node68";"-";"-";"-";33;11;22;0.205308902479456;1;0.315101979864787;0.138513398187926;0.210634271976765;"-";"-"
"2-Multi";70;"Node69";"-";"-";"-";44;18;26;0.292690714646665;1;0.256603908987888;0.219100420571179;0.345393522160657;"-";"-"
"2-Multi";71;"Node70";"-";"-";"-";32;12;20;0.251070062804509;1;0.473012248899181;0.115742170338366;0.166187257551337;"-";"-"
"3-Multi";1;"Node0";"-";"-";"-";45;31;14;0.565402530700321;1;0.258177683974592;0.432336885362373;0.167010117142245;"-";"-"
"3-Multi";2;"Node1";"-";"-";"-";60;43;17;0.613144832609265;1;2.42826877945853e-16;0.359238549136589;0.419289000280875;"-";"-"
"3-Multi";3;"Node2";"-";"-";"-";33;15;18;0.24106033948137;1;0.271999422034386;0.131365338170798;0.0970324593351184;"-";"-"
"3-Multi";4;"Node3";"-";"-";"-";93;50;43;0.540345927747352;1;0.312584073570388;0.491386536281928;0.708153534116702;"-";"-"
"3-Multi";5;"Node4";"-";"-";"-";67;36;31;0.448931656548424;1;0.330426934024036;0.411899913418352;0.481760725577559;"-";"-"
"3-Multi";6;"Node5";"-";"-";"-";52;35;17;0.443452497880775;1;0.119636409467247;0.388249192402724;0.435338867240479;"-";"-"
"3-Multi";7;"Node6";"-";"-";"-";22;11;11;0.199589798345754;1;0.0686020380173744;0.1220780733324;0.0917075090844433;"-";"-"
"3-Multi";8;"Node7";"-";"-";"-";25;20;5;0.351408046191597;1;0.0859475031747689;0.316919881610447;4.48341417814716e-05;"-";"-"
"3-Multi";9;"Node8";"-";"-";"-";45;33;12;0.398152466005288;1;0.121444528443122;0.278318902790184;0.20310809296215;"-";"-"
"3-Multi";10;"Node9";"-";"-";"-";41;24;17;0.323332242920204;1;0.0487900223177072;0.194272370217749;0.311488934736121;"-";"-"
"3-Multi";11;"Node10";"-";"-";"-";79;44;35;0.862674347534277;1;0.393716105099083;0.452301797995596;0.37246321643503;"-";"-"
"3-Multi";12;"Node11";"-";"-";"-";96;41;55;0.579020029169374;1;0.823948560157936;0.356072039286112;0.595997973128336;"-";"-"
"3-Multi";13;"Node12";"-";"-";"-";114;68;46;0.703101938797541;1;0.445225767253253;1;0.457092954568888;"-";"-"
"3-Multi";14;"Node13";"-";"-";"-";56;30;26;0.338023763819236;1;0.057195741296381;0.230899233468433;0.323146118426249;"-";"-"
"3-Multi";15;"Node14";"-";"-";"-";76;41;35;0.496339285548246;1;0.184205415249538;0.361129756833066;0.746182167052875;"-";"-"
"3-Multi";16;"Node15";"-";"-";"-";112;55;57;0.722307405101839;1;0.0602368539244645;0.33156154208986;0.879372644204282;"-";"-"
"3-Multi";17;"Node16";"-";"-";"-";116;66;50;1;1;0.105013576861575;0.37181905093154;0.857050220018745;"-";"-"
"3-Multi";18;"Node17";"-";"-";"-";48;29;19;0.375540122045696;1;0.0324510675585767;0.235597625032909;0.381446528138606;"-";"-"
"3-Multi";19;"Node18";"-";"-";"-";89;35;54;0.446090395937072;1;0.959824014306967;0.181033787589924;0.780813153000972;"-";"-"
"3-Multi";20;"Node19";"-";"-";"-";54;34;20;0.473068724757014;1;0.512702098221067;0.519450811080041;0.289801940189714;"-";"-"
"3-Multi";21;"Node20";"-";"-";"-";62;44;18;0.585169401831328;1;0.538003775299075;0.581797650726258;0.2286568810455;"-";"-"
"3-Multi";22;"Node21";"-";"-";"-";110;56;54;0.746548067795578;1;0.383268890397709;0.586750533737771;0.965145179612789;"-";"-"
"3-Multi";23;"Node22";"-";"-";"-";43;23;20;0.273805961385699;1;0.328234524867697;0.274894617390144;0.240957283535536;"-";"-"
"3-Multi";24;"Node23";"-";"-";"-";101;61;40;0.650413988184331;1;0.846148120612568;0.747857998581405;0.687617049713244;"-";"-"
"3-Multi";25;"Node24";"-";"-";"-";46;28;18;0.306266698708816;1;0.22741250056808;0.155779842391497;0.25411227708965;"-";"-"
"3-Multi";26;"Node25";"-";"-";"-";138;86;52;0.938700462937149;1;0.940170048964143;0.889751722236888;1;"-";"-"
"3-Multi";27;"Node26";"-";"-";"-";73;36;37;0.39674444080171;1;0.857708672180035;0.350094505529469;0.399038612379217;"-";"-"
"3-Multi";28;"Node27";"-";"-";"-";112;51;61;0.581387026237383;1;0.798778574641915;0.393783338095696;0.664923979041067;"-";"-"
"3-Multi";29;"Node28";"-";"-";"-";79;44;35;0.501779389565285;1;0.442650804096412;0.318117353546911;0.584828938209551;"-";"-"
"3-Multi";30;"Node29";"-";"-";"-";82;34;48;0.362972270706881;1;0.522330997096091;0.483576692932795;0.283295795473947;"-";"-"
"3-Multi";31;"Node30";"-";"-";"-";100;49;51;0.561704844932678;1;0.738864199882042;0.425419686573976;0.67973767618709;"-";"-"
"3-Multi";32;"Node31";"-";"-";"-";81;44;37;0.491003960306334;1;0.316435751964191;0.376652119866179;0.694027149165592;"-";"-"
"3-Multi";33;"Node32";"-";"-";"-";49;19;30;0.295150647543973;1;0.677607551899722;0.167856128842533;0.300218454610106;"-";"-"
"3-Multi";34;"Node33";"-";"-";"-";64;43;21;0.463584775555862;1;0.158808901381371;0.416652364599136;0.354900043686704;"-";"-"
"3-Multi";35;"Node34";"-";"-";"-";86;34;52;0.363351149706519;1;0.535759013058662;0.289250872373377;0.421689348394595;"-";"-"
"3-Multi";36;"Node35";"-";"-";"-";55;30;25;0.330076734530746;1;0.307152656811776;0.341467415258478;0.339110406549517;"-";"-"
"3-Multi";37;"Node36";"-";"-";"-";20;9;11;0.143421460271963;1;0.0535382508814005;0.101543484490789;0.217510420849043;"-";"-"
"3-Multi";38;"Node37";"-";"-";"-";74;43;31;0.429795270319188;1;0.368358028156055;0.469568012546016;0.554526799050638;"-";"-"
"3-Multi";39;"Node38";"-";"-";"-";74;41;33;0.434718736309865;1;0.600202569015254;0.555352676041567;0.414401155743982;"-";"-"
"3-Multi";40;"Node39";"-";"-";"-";75;46;29;0.524703124540524;1;0.361331043216056;0.728045190142636;0.467989616777615;"-";"-"
"3-Multi";41;"Node40";"-";"-";"-";93;55;38;0.611029781357851;1;0.858414424447897;0.772029335086343;0.500590506230483;"-";"-"
"3-Multi";42;"Node41";"-";"-";"-";77;21;56;0.243137293635939;1;0.929338402873833;0.155253286031606;0.371321324568501;"-";"-"
"3-Multi";43;"Node42";"-";"-";"-";76;37;39;0.41135134635301;1;0.640388829621526;0.322809387804271;0.444836971931201;"-";"-"
"3-Multi";44;"Node43";"-";"-";"-";25;5;20;0.130738223954563;1;0.167328196132595;9.74634613319067e-17;0.26751874702241;"-";"-"
"3-Multi";45;"Node44";"-";"-";"-";55;22;33;0.28895527317422;1;0.24427649896292;0.230464249280696;0.394522834562312;"-";"-"
"3-Multi";46;"Node45";"-";"-";"-";51;23;28;0.297505425991518;1;0.194079815729551;0.208203412674217;0.361497259351666;"-";"-"
"3-Multi";47;"Node46";"-";"-";"-";24;5;19;0.130703956005582;1;0.168409250646007;0.00247941849550936;0.170805361671051;"-";"-"
"3-Multi";48;"Node47";"-";"-";"-";47;16;31;0.233510937498078;1;0.558053377716593;0.0890682659556233;0.34227462949434;"-";"-"
"3-Multi";49;"Node48";"-";"-";"-";73;27;46;0.31207254776392;1;0.485660109786116;0.352725566767013;0.406451531472209;"-";"-"
"3-Multi";50;"Node49";"-";"-";"-";47;26;21;0.290676582020265;1;0.273176122697491;0.28740404292341;0.274233595543026;"-";"-"
"3-Multi";51;"Node50";"-";"-";"-";64;19;45;0.263095433121198;1;0.810132999390911;0.0483654691122978;0.370285067773257;"-";"-"
"3-Multi";52;"Node51";"-";"-";"-";60;34;26;0.366039520589725;1;0.613155113677798;0.57792276222898;0.343915482081479;"-";"-"
"3-Multi";53;"Node52";"-";"-";"-";27;9;18;0.190339806226093;1;0.1052379636776;0.0954661049996756;0.196185711735509;"-";"-"
"3-Multi";54;"Node53";"-";"-";"-";65;31;34;0.378237772850719;1;0.598279113210829;0.426925819341105;0.397757663800396;"-";"-"
"3-Multi";55;"Node54";"-";"-";"-";59;24;35;0.32618439657994;1;0.933896501817674;0.29569393648429;0.551982823240237;"-";"-"
"3-Multi";56;"Node55";"-";"-";"-";62;27;35;0.330590116846149;1;0.888093453464919;0.427021942848045;0.348324574981486;"-";"-"
"3-Multi";57;"Node56";"-";"-";"-";59;31;28;0.380056516035705;1;0.549251118888473;0.480254120326911;0.29648528885246;"-";"-"
"3-Multi";58;"Node57";"-";"-";"-";58;26;32;0.300930842731236;1;0.368461023268064;0.208480095252858;0.347119662135064;"-";"-"
"3-Multi";59;"Node58";"-";"-";"-";43;14;29;0.202107059765888;1;0.225834471420176;0.0952438572074755;0.268557484321744;"-";"-"
"3-Multi";60;"Node59";"-";"-";"-";56;22;34;0.301592399372409;1;0.312320753570629;0.170250633604198;0.27049896912874;"-";"-"
"3-Multi";61;"Node60";"-";"-";"-";40;13;27;0.230269322253542;1;0.0807169999235536;0.050350556785473;0.410613394691046;"-";"-"
"3-Multi";62;"Node61";"-";"-";"-";39;19;20;0.255574167150053;1;0.303472895448406;0.200672502716704;0.543631679516958;"-";"-"
"3-Multi";63;"Node62";"-";"-";"-";44;14;30;0.238456125383681;1;0.311835890219842;0.0516468689641978;0.429225363029671;"-";"-"
"3-Multi";64;"Node63";"-";"-";"-";46;30;16;0.475885919388463;1;0.255433912264543;0.394597761025489;0.241540774193573;"-";"-"
"3-Multi";65;"Node64";"-";"-";"-";62;26;36;0.376880489537269;1;1;0.279077174839038;0.418738586031626;"-";"-"
"3-Multi";66;"Node65";"-";"-";"-";56;14;42;0.252524011307619;1;0.938533054695322;0.0672577519081866;0.393981341255887;"-";"-"
"3-Multi";67;"Node66";"-";"-";"-";34;10;24;0.210419156392661;1;0.578232659667409;0.10823489917803;0.193178721584848;"-";"-"
"3-Multi";68;"Node67";"-";"-";"-";40;16;24;0.271695165081038;1;0.504443666395319;0.222131498795051;0.304918624083515;"-";"-"
"3-Multi";69;"Node68";"-";"-";"-";33;11;22;0.205308902479456;1;0.315101979864787;0.138513398187926;0.210634271976765;"-";"-"
"3-Multi";70;"Node69";"-";"-";"-";44;18;26;0.292690714646665;1;0.256603908987888;0.219100420571179;0.345393522160657;"-";"-"
"3-Multi";71;"Node70";"-";"-";"-";32;12;20;0.251070062804509;1;0.473012248899181;0.115742170338366;0.166187257551337;"-";"-"
"Aggr";1;"Node0";"-";"-";"-";38;26;12;0.500851910151506;0.440632499762892;0.227023149669273;0.342095520099104;0.209013441120457;"-";"-"
"Aggr";2;"Node1";"-";"-";"-";43;29;14;0.582461667383803;0.525930745304714;0.301775315537471;0.472034762806771;0.267303165908599;"-";"-"
"Aggr";3;"Node2";"-";"-";"-";27;11;16;0.222653120855844;0.157956311006674;0.24603389903317;0.146720216424886;0.282471092772012;"-";"-"
"Aggr";4;"Node3";"-";"-";"-";61;31;30;0.565493383936693;0.619373851800715;0.69620379460941;0.635562673904342;0.711230022971125;"-";"-"
"Aggr";5;"Node4";"-";"-";"-";44;22;22;0.420501217083259;0.354285968578993;0.382211267037126;0.373245622670494;0.52022063386177;"-";"-"
"Aggr";6;"Node5";"-";"-";"-";40;26;14;0.427724725920111;0.404955329430296;0.206700965288041;0.391536594442207;0.316252685686801;"-";"-"
"Aggr";7;"Node6";"-";"-";"-";21;11;10;0.188248216337208;0.099429416065521;0.134801575580471;0.104903133762871;0.148002441782902;"-";"-"
"Aggr";8;"Node7";"-";"-";"-";24;19;5;0.273566972805334;0.278594797723832;0.0604172867438695;0.252891277696399;0.0589518854929343;"-";"-"
"Aggr";9;"Node8";"-";"-";"-";36;25;11;0.389194002025416;0.411690890966426;0.180508404910051;0.422049773893335;0.219610157858045;"-";"-"
"Aggr";10;"Node9";"-";"-";"-";32;20;12;0.319996185034179;0.256165620369161;0.322595497459657;0.261148777362508;0.301532313786447;"-";"-"
"Aggr";11;"Node10";"-";"-";"-";58;30;28;0.593411557871195;0.576572775172959;0.406969194446331;0.533366095576043;0.545590348427102;"-";"-"
"Aggr";12;"Node11";"-";"-";"-";66;29;37;0.531290949464344;0.540538366441032;0.916056436450802;0.48521380004498;0.917908384170158;"-";"-"
"Aggr";13;"Node12";"-";"-";"-";75;43;32;0.747942164622117;0.715172262270653;0.66018702082888;0.775570032421394;0.717729633623092;"-";"-"
"Aggr";14;"Node13";"-";"-";"-";40;21;19;0.363398786972341;0.349908390081705;0.367677605527934;0.349285484917203;0.451075127535481;"-";"-"
"Aggr";15;"Node14";"-";"-";"-";56;26;30;0.480624142635186;0.473771886839254;0.516690650494307;0.455102441003839;0.578329369056358;"-";"-"
"Aggr";16;"Node15";"-";"-";"-";77;35;42;0.71752842366559;0.63928833951689;0.764093565903878;0.578624758207789;0.834778537783014;"-";"-"
"Aggr";17;"Node16";"-";"-";"-";69;35;34;0.874987551300805;0.818983918454155;0.759730779099973;0.732068623949491;0.79033998794405;"-";"-"
"Aggr";18;"Node17";"-";"-";"-";31;16;15;0.312789474707651;0.22190913056669;0.20702897308595;0.281592403888514;0.298728093289919;"-";"-"
"Aggr";19;"Node18";"-";"-";"-";57;24;33;0.416211676950102;0.417465551851202;0.84078089179911;0.422231189358484;0.897980376047693;"-";"-"
"Aggr";20;"Node19";"-";"-";"-";41;27;14;0.47483026313465;0.474119938046522;0.441193731485616;0.420547440668561;0.360412776095347;"-";"-"
"Aggr";21;"Node20";"-";"-";"-";49;34;15;0.531253179270269;0.542718984930495;0.334732453171229;0.537337215633337;0.285224329265317;"-";"-"
"Aggr";22;"Node21";"-";"-";"-";77;36;41;0.669772551586497;0.605548005278814;0.823359804120054;0.613649681791041;0.889464667073712;"-";"-"
"Aggr";23;"Node22";"-";"-";"-";35;16;19;0.262553583628787;0.225240249527262;0.252080779591144;0.279315327152653;0.25460322699695;"-";"-"
"Aggr";24;"Node23";"-";"-";"-";72;41;31;0.736544287901378;0.734258088659013;0.64115616404576;0.711604833276238;0.612923763266933;"-";"-"
"Aggr";25;"Node24";"-";"-";"-";33;20;13;0.296389305385701;0.255630756241974;0.238254616303349;0.318099073257834;0.299255799139816;"-";"-"
"Aggr";26;"Node25";"-";"-";"-";86;47;39;1;1;0.84214560807707;1;0.828134369709274;"-";"-"
"Aggr";27;"Node26";"-";"-";"-";53;25;28;0.431664436629648;0.419390468777383;0.647030168269482;0.445334695280754;0.538877109539229;"-";"-"
"Aggr";28;"Node27";"-";"-";"-";68;32;36;0.564556393341877;0.505375028892903;0.948814754635466;0.524920618060355;1;"-";"-"
"Aggr";29;"Node28";"-";"-";"-";55;30;25;0.534506115499765;0.513204360376597;0.553964480801595;0.505499245623659;0.540036754007162;"-";"-"
"Aggr";30;"Node29";"-";"-";"-";63;26;37;0.387594944993317;0.324505342857372;0.78251413672141;0.364165201683894;0.771862458131228;"-";"-"
"Aggr";31;"Node30";"-";"-";"-";62;29;33;0.520271962530799;0.460883740395728;0.844646083365813;0.505512380430196;0.860988905683181;"-";"-"
"Aggr";32;"Node31";"-";"-";"-";49;26;23;0.484412498275861;0.452275180073939;0.520217074706139;0.470702463372071;0.644370669001038;"-";"-"
"Aggr";33;"Node32";"-";"-";"-";39;15;24;0.237455739216848;0.167853590375318;0.488493559604181;0.19529938633094;0.502560700780096;"-";"-"
"Aggr";34;"Node33";"-";"-";"-";46;32;14;0.496080731220827;0.471347755369703;0.370003973108211;0.495812007273299;0.366470962876036;"-";"-"
"Aggr";35;"Node34";"-";"-";"-";61;23;38;0.360782807913595;0.295326952253077;0.817640501789617;0.343011632821465;0.822470275098788;"-";"-"
"Aggr";36;"Node35";"-";"-";"-";45;21;24;0.340237456565341;0.299343010029564;0.357772653910779;0.332711805261978;0.407751784880814;"-";"-"
"Aggr";37;"Node36";"-";"-";"-";18;8;10;0.145061371690103;0.114835217263591;0.156538724614792;0.113486350681328;0.195731361964084;"-";"-"
"Aggr";38;"Node37";"-";"-";"-";55;34;21;0.495694877225134;0.501135568632729;0.617576804465478;0.521654070087976;0.524741190796275;"-";"-"
"Aggr";39;"Node38";"-";"-";"-";51;29;22;0.461661478816905;0.448913189236033;0.588684210620994;0.470687323114906;0.575718584760269;"-";"-"
"Aggr";40;"Node39";"-";"-";"-";54;34;20;0.606550920154837;0.564731229255501;0.582449030810608;0.503214843402279;0.468821317666627;"-";"-"
"Aggr";41;"Node40";"-";"-";"-";62;34;28;0.672531594496625;0.622692782672931;0.608516617199355;0.6184221348126;0.572054114902598;"-";"-"
"Aggr";42;"Node41";"-";"-";"-";51;17;34;0.25121054646469;0.243964304717708;1;0.258671873051326;0.958248192709895;"-";"-"
"Aggr";43;"Node42";"-";"-";"-";59;30;29;0.453162533849617;0.398437533612993;0.679467955535491;0.39851081067679;0.618170288607619;"-";"-"
"Aggr";44;"Node43";"-";"-";"-";18;5;13;0.141401722692688;0.0922722364450234;0.394400286269362;0.0568514529712063;0.310973046241678;"-";"-"
"Aggr";45;"Node44";"-";"-";"-";39;18;21;0.291075753039096;0.277251035152923;0.602329631714033;0.261574611712427;0.572650981263448;"-";"-"
"Aggr";46;"Node45";"-";"-";"-";38;17;21;0.272133307512111;0.248849738720242;0.390287612232959;0.267510731674582;0.542200111036955;"-";"-"
"Aggr";47;"Node46";"-";"-";"-";19;5;14;0.115530904297941;0.0496805321605107;0.324490160822925;0.0401395916214514;0.302390094794105;"-";"-"
"Aggr";48;"Node47";"-";"-";"-";37;13;24;0.248367761089178;0.210914228033955;0.533099783395206;0.18042903654391;0.509793639629101;"-";"-"
"Aggr";49;"Node48";"-";"-";"-";57;23;34;0.339530573012225;0.279027931730149;0.774136163289815;0.266067070842699;0.750201702000433;"-";"-"
"Aggr";50;"Node49";"-";"-";"-";32;20;12;0.323158664732816;0.260626876800221;0.302200976127152;0.256499137587666;0.390538291175703;"-";"-"
"Aggr";51;"Node50";"-";"-";"-";44;16;28;0.263074321107498;0.172550416960446;0.621051473982972;0.171278156558244;0.763107773027035;"-";"-"
"Aggr";52;"Node51";"-";"-";"-";46;28;18;0.409433710009892;0.390927921875262;0.509894152944918;0.390593120886945;0.431737880999715;"-";"-"
"Aggr";53;"Node52";"-";"-";"-";19;6;13;0.201101732616398;0.122359527258182;0.244836245474048;0.0943117499242188;0.287780367157359;"-";"-"
"Aggr";54;"Node53";"-";"-";"-";48;26;22;0.370390658778395;0.324201707512302;0.562203291519603;0.310421518259311;0.562814279312448;"-";"-"
"Aggr";55;"Node54";"-";"-";"-";45;21;24;0.328698225960443;0.30168433348776;0.629504389784313;0.267331098014373;0.595492088774004;"-";"-"
"Aggr";56;"Node55";"-";"-";"-";47;25;22;0.356197732372741;0.319685554011252;0.669866707853895;0.286654175750458;0.575363568491828;"-";"-"
"Aggr";57;"Node56";"-";"-";"-";49;28;21;0.464252017754003;0.348812794432915;0.509075445828977;0.318901931730164;0.460347430285518;"-";"-"
"Aggr";58;"Node57";"-";"-";"-";45;22;23;0.333757623189585;0.230247374815931;0.470966965122389;0.239548400652245;0.548223190525798;"-";"-"
"Aggr";59;"Node58";"-";"-";"-";32;12;20;0.201200133415105;0.1277639416143;0.405125869462598;0.129475451831264;0.474773721381486;"-";"-"
"Aggr";60;"Node59";"-";"-";"-";47;19;28;0.334961091059538;0.217291968390837;0.498513019004814;0.208787859702396;0.581590713789959;"-";"-"
"Aggr";61;"Node60";"-";"-";"-";34;12;22;0.219031566242132;0.181725954780353;0.487803580039135;0.140067874361384;0.425984989461764;"-";"-"
"Aggr";62;"Node61";"-";"-";"-";34;17;17;0.267234617943172;0.258607404628279;0.331208069573444;0.227386500052382;0.368643956337728;"-";"-"
"Aggr";63;"Node62";"-";"-";"-";32;12;20;0.223924383726196;0.154487089130969;0.396148566183216;0.137346892415006;0.509845900000341;"-";"-"
"Aggr";64;"Node63";"-";"-";"-";37;26;11;0.437123239392939;0.301632504660464;0.237004680874971;0.279426305295697;0.242771848066427;"-";"-"
"Aggr";65;"Node64";"-";"-";"-";48;23;25;0.393766497819889;0.312838963859888;0.598199751830967;0.239840601971944;0.57537915078199;"-";"-"
"Aggr";66;"Node65";"-";"-";"-";46;14;32;0.217273400340134;0.20305767493744;0.639878903672992;0.157892011062226;0.674252829327509;"-";"-"
"Aggr";67;"Node66";"-";"-";"-";28;9;19;0.173904078155834;0.160538664445101;0.371246705801683;0.118708421388796;0.410200330746207;"-";"-"
"Aggr";68;"Node67";"-";"-";"-";36;16;20;0.222033695494281;0.217756307478183;0.410578233130344;0.192482766500096;0.452247247070583;"-";"-"
"Aggr";69;"Node68";"-";"-";"-";31;11;20;0.181600347169571;0.157510883267794;0.288500152817362;0.122595781720498;0.373050547838215;"-";"-"
"Aggr";70;"Node69";"-";"-";"-";36;15;21;0.24401234788235;0.234031480094547;0.435014821187292;0.204743720259608;0.483186441355102;"-";"-"
"Aggr";71;"Node70";"-";"-";"-";27;11;16;0.188707025424783;0.172084549868954;0.294224860255531;0.139266950133148;0.329517132629367;"-";"-"
